classes,fpr,tpr,auc
D007674,0.0,0.0,1.0
D007674,0.0,0.12365591397849462,1.0
D007674,0.0,0.26881720430107525,1.0
D007674,0.0,0.27956989247311825,1.0
D007674,0.0,0.44086021505376344,1.0
D007674,0.0,0.5483870967741935,1.0
D007674,0.0,0.6827956989247311,1.0
D007674,0.0,0.8709677419354839,1.0
D007674,0.0,1.0,1.0
D007674,1.0,1.0,1.0
