classes,fpr,tpr,auc
D037841,0.0,0.0,0.9985096870342771
D037841,0.0,0.01639344262295082,0.9985096870342771
D037841,0.0,0.9836065573770492,0.9985096870342771
D037841,0.09090909090909091,0.9836065573770492,0.9985096870342771
D037841,0.09090909090909091,1.0,0.9985096870342771
D037841,1.0,1.0,0.9985096870342771
