classes,fpr,tpr,auc
D006262,0.0,0.0,0.9992235432373858
D006262,0.0,0.0013812154696132596,0.9992235432373858
D006262,0.0,0.44337016574585636,0.9992235432373858
D006262,0.0013812154696132596,0.44337016574585636,0.9992235432373858
D006262,0.0013812154696132596,0.994475138121547,0.9992235432373858
D006262,0.0027624309392265192,0.994475138121547,0.9992235432373858
D006262,0.0027624309392265192,1.0,0.9992235432373858
D006262,1.0,1.0,0.9992235432373858
