classes,fpr,tpr,auc
D006262,0.0,0.0,0.9935657296462581
D006262,0.0,0.0053475935828877,0.9935657296462581
D006262,0.0,0.9732620320855615,0.9935657296462581
D006262,0.24064171122994651,0.9732620320855615,0.9935657296462581
D006262,0.24064171122994651,1.0,0.9935657296462581
D006262,0.40106951871657753,1.0,0.9935657296462581
D006262,0.5721925133689839,1.0,0.9935657296462581
D006262,0.7486631016042781,1.0,0.9935657296462581
D006262,1.0,1.0,0.9935657296462581
