classes,fpr,tpr,auc
D010661,0.0,0.0,1.0
D010661,0.0,0.24786324786324787,1.0
D010661,0.0,0.49145299145299143,1.0
D010661,0.0,0.49230769230769234,1.0
D010661,0.0,0.7418803418803419,1.0
D010661,0.0,0.7427350427350428,1.0
D010661,0.0,1.0,1.0
D010661,1.0,1.0,1.0
