classes,fpr,tpr,auc
D006262,0.0,0.0,0.9948979591836735
D006262,0.0,0.07142857142857142,0.9948979591836735
D006262,0.0,0.9285714285714286,0.9948979591836735
D006262,0.07142857142857142,0.9285714285714286,0.9948979591836735
D006262,0.07142857142857142,1.0,0.9948979591836735
D006262,1.0,1.0,0.9948979591836735
