classes,fpr,tpr,auc
D006262,0.0,0.0,0.999546814103145
D006262,0.0,0.0053475935828877,0.999546814103145
D006262,0.0,0.9625668449197861,0.999546814103145
D006262,0.00847457627118644,0.9625668449197861,0.999546814103145
D006262,0.00847457627118644,0.9946524064171123,0.999546814103145
D006262,0.03389830508474576,0.9946524064171123,0.999546814103145
D006262,0.03389830508474576,1.0,0.999546814103145
D006262,1.0,1.0,0.999546814103145
