classes,fpr,tpr,auc
D006262,0.0,0.0,0.9987244897959184
D006262,0.0,0.017857142857142856,0.9987244897959184
D006262,0.0,0.9642857142857143,0.9987244897959184
D006262,0.03571428571428571,0.9642857142857143,0.9987244897959184
D006262,0.03571428571428571,1.0,0.9987244897959184
D006262,1.0,1.0,0.9987244897959184
