classes,fpr,tpr,auc
D006515,0.0,0.0,1.0
D006515,0.0,0.014492753623188406,1.0
D006515,0.0,1.0,1.0
D006515,0.2318840579710145,1.0,1.0
D006515,0.391304347826087,1.0,1.0
D006515,0.4057971014492754,1.0,1.0
D006515,0.7681159420289855,1.0,1.0
D006515,1.0,1.0,1.0
