classes,fpr,tpr,auc
D015658,0.0,0.0,0.9833333333333334
D015658,0.0,0.08333333333333333,0.9833333333333334
D015658,0.0,0.9166666666666666,0.9833333333333334
D015658,0.2,0.9166666666666666,0.9833333333333334
D015658,0.2,1.0,0.9833333333333334
D015658,1.0,1.0,0.9833333333333334
