classes,fpr,tpr,auc
D065626,0.0,0.0,1.0
D065626,0.0,0.022727272727272728,1.0
D065626,0.0,1.0,1.0
D065626,0.1590909090909091,1.0,1.0
D065626,0.4318181818181818,1.0,1.0
D065626,0.75,1.0,1.0
D065626,1.0,1.0,1.0
