classes,fpr,tpr,auc
D006262,0.0,0.0,0.998966431492383
D006262,0.0,0.0053475935828877,0.998966431492383
D006262,0.0,0.9893048128342246,0.998966431492383
D006262,0.01680672268907563,0.9893048128342246,0.998966431492383
D006262,0.01680672268907563,0.9946524064171123,0.998966431492383
D006262,0.17647058823529413,0.9946524064171123,0.998966431492383
D006262,0.17647058823529413,1.0,0.998966431492383
D006262,1.0,1.0,0.998966431492383
