classes,fpr,tpr,auc
D006262,0.0,0.0,0.99932861328125
D006262,0.0,0.0078125,0.99932861328125
D006262,0.0,0.9765625,0.99932861328125
D006262,0.0234375,0.9765625,0.99932861328125
D006262,0.0234375,0.9921875,0.99932861328125
D006262,0.0390625,0.9921875,0.99932861328125
D006262,0.0390625,1.0,0.99932861328125
D006262,1.0,1.0,0.99932861328125
