classes,fpr,tpr,auc
D015209,0.0,0.0,0.9817671809256663
D015209,0.0,0.043478260869565216,0.9817671809256663
D015209,0.0,0.9130434782608695,0.9817671809256663
D015209,0.0967741935483871,0.9130434782608695,0.9817671809256663
D015209,0.0967741935483871,0.9565217391304348,0.9817671809256663
D015209,0.3225806451612903,0.9565217391304348,0.9817671809256663
D015209,0.3225806451612903,1.0,0.9817671809256663
D015209,1.0,1.0,0.9817671809256663
