classes,fpr,tpr,auc
D006262,0.0,0.0,0.7857142857142857
D006262,0.0,0.3333333333333333,0.7857142857142857
D006262,0.0,0.6666666666666666,0.7857142857142857
D006262,0.2857142857142857,0.6666666666666666,0.7857142857142857
D006262,1.0,1.0,0.7857142857142857
