classes,fpr,tpr,auc
D006262,0.0,0.0,0.9951523545706371
D006262,0.0,0.02631578947368421,0.9951523545706371
D006262,0.0,0.8947368421052632,0.9951523545706371
D006262,0.02631578947368421,0.8947368421052632,0.9951523545706371
D006262,0.02631578947368421,0.9736842105263158,0.9951523545706371
D006262,0.10526315789473684,0.9736842105263158,0.9951523545706371
D006262,0.10526315789473684,1.0,0.9951523545706371
D006262,1.0,1.0,0.9951523545706371
